<?xml version="1.0" encoding="UTF-8"?>
<root>
    <models>
        <model>
            <Name>Default model</Name>
            <Id>0</Id>
            <ModelID>-1</ModelID>
            <ProtocolVersion>1</ProtocolVersion>
            <ProtocolSubVersion>0</ProtocolSubVersion>
            <CapEJPresent>1</CapEJPresent>
            <CapFMPresent>1</CapFMPresent>
            <CapRecPresent>1</CapRecPresent>
            <CapJrnPresent>1</CapJrnPresent>
            <CapSlpPresent>0</CapSlpPresent>
            <CapSlpEmptySensor>0</CapSlpEmptySensor>
            <CapSlpNearEndSensor>0</CapSlpNearEndSensor>
            <CapRecEmptySensor>1</CapRecEmptySensor>
            <CapRecEmptySensor>1</CapRecEmptySensor>
            <CapRecNearEndSensor>1</CapRecNearEndSensor>
            <CapRecLeverSensor>1</CapRecLeverSensor>
            <CapJrnEmptySensor>1</CapJrnEmptySensor>
            <CapJrnNearEndSensor>1</CapJrnNearEndSensor>
            <CapJrnLeverSensor>1</CapJrnLeverSensor>
            <CapPrintGraphicsLine>0</CapPrintGraphicsLine>
            <CapHasVatTable>1</CapHasVatTable>
            <CapCoverSensor>1</CapCoverSensor>
            <CapDoubleWidth>1</CapDoubleWidth>
            <CapDuplicateReceipt>1</CapDuplicateReceipt>
            <CapFullCut>1</CapFullCut>
            <CapPartialCut>1</CapPartialCut>
            <CapGraphics>1</CapGraphics>
            <CapGraphicsEx>1</CapGraphicsEx>
            <CapPrintStringFont>0</CapPrintStringFont>
            <CapShortStatus>0</CapShortStatus>
            <CapFontMetrics>0</CapFontMetrics>
            <CapOpenReceipt>0</CapOpenReceipt>
            <NumVatRates>4</NumVatRates>
            <PrintWidth>432</PrintWidth>
            <AmountDecimalPlace>2</AmountDecimalPlace>
            <NumHeaderLines>4</NumHeaderLines>
            <NumTrailerLines>3</NumTrailerLines>
            <TrailerTableNumber>4</TrailerTableNumber>
            <HeaderTableNumber>4</HeaderTableNumber>
            <HeaderTableRow>4</HeaderTableRow>
            <TrailerTableRow>1</TrailerTableRow>
            <MinHeaderLines>4</MinHeaderLines>
            <MinTrailerLines>0</MinTrailerLines>
            <MaxGraphicsWidth>320</MaxGraphicsWidth>
            <MaxGraphicsHeight>255</MaxGraphicsHeight>
            <TextLength>36;18;36;36;36;36;36;</TextLength>
            <SupportedBaudRates>2400;4800;9600;19200;38400;57600;115200;</SupportedBaudRates>
            <parameters/>
        </model>
        <model>
            <Name>SHTRIH-950K</Name>
            <Id>7</Id>
            <ModelID>5</ModelID>
            <ProtocolVersion>1</ProtocolVersion>
            <ProtocolSubVersion>0</ProtocolSubVersion>
            <CapEJPresent>1</CapEJPresent>
            <CapFMPresent>1</CapFMPresent>
            <CapRecPresent>1</CapRecPresent>
            <CapJrnPresent>1</CapJrnPresent>
            <CapSlpPresent>0</CapSlpPresent>
            <CapSlpEmptySensor>0</CapSlpEmptySensor>
            <CapSlpNearEndSensor>0</CapSlpNearEndSensor>
            <CapRecEmptySensor>1</CapRecEmptySensor>
            <CapRecEmptySensor>1</CapRecEmptySensor>
            <CapRecNearEndSensor>1</CapRecNearEndSensor>
            <CapRecLeverSensor>1</CapRecLeverSensor>
            <CapJrnEmptySensor>1</CapJrnEmptySensor>
            <CapJrnNearEndSensor>1</CapJrnNearEndSensor>
            <CapJrnLeverSensor>1</CapJrnLeverSensor>
            <CapPrintGraphicsLine>0</CapPrintGraphicsLine>
            <CapHasVatTable>1</CapHasVatTable>
            <CapCoverSensor>1</CapCoverSensor>
            <CapDoubleWidth>1</CapDoubleWidth>
            <CapDuplicateReceipt>1</CapDuplicateReceipt>
            <CapFullCut>1</CapFullCut>
            <CapPartialCut>1</CapPartialCut>
            <CapGraphics>1</CapGraphics>
            <CapGraphicsEx>0</CapGraphicsEx>
            <CapPrintStringFont>0</CapPrintStringFont>
            <CapShortStatus>0</CapShortStatus>
            <CapFontMetrics>0</CapFontMetrics>
            <CapOpenReceipt>0</CapOpenReceipt>
            <NumVatRates>4</NumVatRates>
            <PrintWidth>432</PrintWidth>
            <AmountDecimalPlace>2</AmountDecimalPlace>
            <NumHeaderLines>4</NumHeaderLines>
            <NumTrailerLines>3</NumTrailerLines>
            <TrailerTableNumber>4</TrailerTableNumber>
            <HeaderTableNumber>4</HeaderTableNumber>
            <HeaderTableRow>4</HeaderTableRow>
            <TrailerTableRow>1</TrailerTableRow>
            <MinHeaderLines>4</MinHeaderLines>
            <MinTrailerLines>0</MinTrailerLines>
            <MaxGraphicsWidth>320</MaxGraphicsWidth>
            <MaxGraphicsHeight>255</MaxGraphicsHeight>
            <TextLength>36;18;36;36;36;36;36;</TextLength>
            <SupportedBaudRates>2400;4800;9600;19200;38400;57600;115200;</SupportedBaudRates>
            <parameters>
                <parameter>
                    <ID>1</ID>
                    <TableNumber>1</TableNumber>
                    <RowNumber>1</RowNumber>
                    <FieldNumber>7</FieldNumber>
                    <values/>
                </parameter>
                <parameter>
                    <ID>2</ID>
                    <TableNumber>1</TableNumber>
                    <RowNumber>1</RowNumber>
                    <FieldNumber>8</FieldNumber>
                    <values/>
                </parameter>
            </parameters>
        </model>
        <model>
            <Name>SHTRIH-950K2</Name>
            <Id>15</Id>
            <ModelID>11</ModelID>
            <ProtocolVersion>1</ProtocolVersion>
            <ProtocolSubVersion>0</ProtocolSubVersion>
            <CapEJPresent>1</CapEJPresent>
            <CapFMPresent>1</CapFMPresent>
            <CapRecPresent>1</CapRecPresent>
            <CapJrnPresent>1</CapJrnPresent>
            <CapSlpPresent>0</CapSlpPresent>
            <CapSlpEmptySensor>0</CapSlpEmptySensor>
            <CapSlpNearEndSensor>0</CapSlpNearEndSensor>
            <CapRecEmptySensor>1</CapRecEmptySensor>
            <CapRecEmptySensor>1</CapRecEmptySensor>
            <CapRecNearEndSensor>1</CapRecNearEndSensor>
            <CapRecLeverSensor>1</CapRecLeverSensor>
            <CapJrnEmptySensor>1</CapJrnEmptySensor>
            <CapJrnNearEndSensor>1</CapJrnNearEndSensor>
            <CapJrnLeverSensor>1</CapJrnLeverSensor>
            <CapPrintGraphicsLine>0</CapPrintGraphicsLine>
            <CapHasVatTable>1</CapHasVatTable>
            <CapCoverSensor>1</CapCoverSensor>
            <CapDoubleWidth>1</CapDoubleWidth>
            <CapDuplicateReceipt>1</CapDuplicateReceipt>
            <CapFullCut>1</CapFullCut>
            <CapPartialCut>1</CapPartialCut>
            <CapGraphics>1</CapGraphics>
            <CapGraphicsEx>0</CapGraphicsEx>
            <CapPrintStringFont>0</CapPrintStringFont>
            <CapShortStatus>0</CapShortStatus>
            <CapFontMetrics>0</CapFontMetrics>
            <CapOpenReceipt>0</CapOpenReceipt>
            <NumVatRates>4</NumVatRates>
            <PrintWidth>432</PrintWidth>
            <AmountDecimalPlace>2</AmountDecimalPlace>
            <NumHeaderLines>4</NumHeaderLines>
            <NumTrailerLines>3</NumTrailerLines>
            <TrailerTableNumber>4</TrailerTableNumber>
            <HeaderTableNumber>4</HeaderTableNumber>
            <HeaderTableRow>4</HeaderTableRow>
            <TrailerTableRow>1</TrailerTableRow>
            <MinHeaderLines>4</MinHeaderLines>
            <MinTrailerLines>0</MinTrailerLines>
            <MaxGraphicsWidth>320</MaxGraphicsWidth>
            <MaxGraphicsHeight>255</MaxGraphicsHeight>
            <TextLength>36;18;36;36;36;36;36;</TextLength>
            <SupportedBaudRates>2400;4800;9600;19200;38400;57600;115200;</SupportedBaudRates>
            <parameters>
                <parameter>
                    <ID>1</ID>
                    <TableNumber>1</TableNumber>
                    <RowNumber>1</RowNumber>
                    <FieldNumber>7</FieldNumber>
                    <values/>
                </parameter>
                <parameter>
                    <ID>2</ID>
                    <TableNumber>1</TableNumber>
                    <RowNumber>1</RowNumber>
                    <FieldNumber>8</FieldNumber>
                    <values/>
                </parameter>
            </parameters>
        </model>
        <model>
            <Name>SHTRIH-COMBO-FRK</Name>
            <Id>12</Id>
            <ModelID>9</ModelID>
            <ProtocolVersion>1</ProtocolVersion>
            <ProtocolSubVersion>0</ProtocolSubVersion>
            <CapEJPresent>1</CapEJPresent>
            <CapFMPresent>1</CapFMPresent>
            <CapRecPresent>1</CapRecPresent>
            <CapJrnPresent>1</CapJrnPresent>
            <CapSlpPresent>0</CapSlpPresent>
            <CapSlpEmptySensor>0</CapSlpEmptySensor>
            <CapSlpNearEndSensor>0</CapSlpNearEndSensor>
            <CapRecEmptySensor>1</CapRecEmptySensor>
            <CapRecEmptySensor>1</CapRecEmptySensor>
            <CapRecNearEndSensor>1</CapRecNearEndSensor>
            <CapRecLeverSensor>1</CapRecLeverSensor>
            <CapJrnEmptySensor>1</CapJrnEmptySensor>
            <CapJrnNearEndSensor>1</CapJrnNearEndSensor>
            <CapJrnLeverSensor>1</CapJrnLeverSensor>
            <CapPrintGraphicsLine>0</CapPrintGraphicsLine>
            <CapHasVatTable>1</CapHasVatTable>
            <CapCoverSensor>1</CapCoverSensor>
            <CapDoubleWidth>1</CapDoubleWidth>
            <CapDuplicateReceipt>1</CapDuplicateReceipt>
            <CapFullCut>1</CapFullCut>
            <CapPartialCut>1</CapPartialCut>
            <CapGraphics>0</CapGraphics>
            <CapGraphicsEx>0</CapGraphicsEx>
            <CapPrintStringFont>0</CapPrintStringFont>
            <CapShortStatus>0</CapShortStatus>
            <CapFontMetrics>0</CapFontMetrics>
            <CapOpenReceipt>0</CapOpenReceipt>
            <NumVatRates>4</NumVatRates>
            <PrintWidth>432</PrintWidth>
            <AmountDecimalPlace>2</AmountDecimalPlace>
            <NumHeaderLines>4</NumHeaderLines>
            <NumTrailerLines>3</NumTrailerLines>
            <TrailerTableNumber>4</TrailerTableNumber>
            <HeaderTableNumber>4</HeaderTableNumber>
            <HeaderTableRow>4</HeaderTableRow>
            <TrailerTableRow>1</TrailerTableRow>
            <MinHeaderLines>4</MinHeaderLines>
            <MinTrailerLines>0</MinTrailerLines>
            <MaxGraphicsWidth>320</MaxGraphicsWidth>
            <MaxGraphicsHeight>255</MaxGraphicsHeight>
            <TextLength>48;24;48;24;57;48;48;</TextLength>
            <SupportedBaudRates>2400;4800;9600;19200;38400;57600;115200;</SupportedBaudRates>
            <parameters>
                <parameter>
                    <ID>1</ID>
                    <TableNumber>1</TableNumber>
                    <RowNumber>1</RowNumber>
                    <FieldNumber>6</FieldNumber>
                    <values/>
                </parameter>
                <parameter>
                    <ID>2</ID>
                    <TableNumber>1</TableNumber>
                    <RowNumber>1</RowNumber>
                    <FieldNumber>7</FieldNumber>
                    <values/>
                </parameter>
            </parameters>
        </model>
        <model>
            <Name>SHTRIH-COMBO-FRK2</Name>
            <Id>13</Id>
            <ModelID>12</ModelID>
            <ProtocolVersion>1</ProtocolVersion>
            <ProtocolSubVersion>0</ProtocolSubVersion>
            <CapEJPresent>1</CapEJPresent>
            <CapFMPresent>1</CapFMPresent>
            <CapRecPresent>1</CapRecPresent>
            <CapJrnPresent>1</CapJrnPresent>
            <CapSlpPresent>0</CapSlpPresent>
            <CapSlpEmptySensor>0</CapSlpEmptySensor>
            <CapSlpNearEndSensor>0</CapSlpNearEndSensor>
            <CapRecEmptySensor>1</CapRecEmptySensor>
            <CapRecEmptySensor>1</CapRecEmptySensor>
            <CapRecNearEndSensor>1</CapRecNearEndSensor>
            <CapRecLeverSensor>1</CapRecLeverSensor>
            <CapJrnEmptySensor>1</CapJrnEmptySensor>
            <CapJrnNearEndSensor>1</CapJrnNearEndSensor>
            <CapJrnLeverSensor>1</CapJrnLeverSensor>
            <CapPrintGraphicsLine>0</CapPrintGraphicsLine>
            <CapHasVatTable>1</CapHasVatTable>
            <CapCoverSensor>1</CapCoverSensor>
            <CapDoubleWidth>1</CapDoubleWidth>
            <CapDuplicateReceipt>1</CapDuplicateReceipt>
            <CapFullCut>1</CapFullCut>
            <CapPartialCut>1</CapPartialCut>
            <CapGraphics>0</CapGraphics>
            <CapGraphicsEx>0</CapGraphicsEx>
            <CapPrintStringFont>0</CapPrintStringFont>
            <CapShortStatus>0</CapShortStatus>
            <CapFontMetrics>0</CapFontMetrics>
            <CapOpenReceipt>0</CapOpenReceipt>
            <NumVatRates>4</NumVatRates>
            <PrintWidth>432</PrintWidth>
            <AmountDecimalPlace>2</AmountDecimalPlace>
            <NumHeaderLines>4</NumHeaderLines>
            <NumTrailerLines>3</NumTrailerLines>
            <TrailerTableNumber>4</TrailerTableNumber>
            <HeaderTableNumber>4</HeaderTableNumber>
            <HeaderTableRow>4</HeaderTableRow>
            <TrailerTableRow>1</TrailerTableRow>
            <MinHeaderLines>4</MinHeaderLines>
            <MinTrailerLines>0</MinTrailerLines>
            <MaxGraphicsWidth>320</MaxGraphicsWidth>
            <MaxGraphicsHeight>255</MaxGraphicsHeight>
            <TextLength>48;24;48;24;57;48;48;</TextLength>
            <SupportedBaudRates>2400;4800;9600;19200;38400;57600;115200;</SupportedBaudRates>
            <parameters>
                <parameter>
                    <ID>1</ID>
                    <TableNumber>1</TableNumber>
                    <RowNumber>1</RowNumber>
                    <FieldNumber>6</FieldNumber>
                    <values/>
                </parameter>
                <parameter>
                    <ID>2</ID>
                    <TableNumber>1</TableNumber>
                    <RowNumber>1</RowNumber>
                    <FieldNumber>7</FieldNumber>
                    <values/>
                </parameter>
            </parameters>
        </model>
        <model>
            <Name>SHTRIH-FR-F, version 3</Name>
            <Id>1</Id>
            <ModelID>0</ModelID>
            <ProtocolVersion>1</ProtocolVersion>
            <ProtocolSubVersion>0</ProtocolSubVersion>
            <CapEJPresent>1</CapEJPresent>
            <CapFMPresent>1</CapFMPresent>
            <CapRecPresent>1</CapRecPresent>
            <CapJrnPresent>1</CapJrnPresent>
            <CapSlpPresent>0</CapSlpPresent>
            <CapSlpEmptySensor>0</CapSlpEmptySensor>
            <CapSlpNearEndSensor>0</CapSlpNearEndSensor>
            <CapRecEmptySensor>1</CapRecEmptySensor>
            <CapRecEmptySensor>1</CapRecEmptySensor>
            <CapRecNearEndSensor>1</CapRecNearEndSensor>
            <CapRecLeverSensor>1</CapRecLeverSensor>
            <CapJrnEmptySensor>1</CapJrnEmptySensor>
            <CapJrnNearEndSensor>1</CapJrnNearEndSensor>
            <CapJrnLeverSensor>1</CapJrnLeverSensor>
            <CapPrintGraphicsLine>0</CapPrintGraphicsLine>
            <CapHasVatTable>1</CapHasVatTable>
            <CapCoverSensor>1</CapCoverSensor>
            <CapDoubleWidth>1</CapDoubleWidth>
            <CapDuplicateReceipt>1</CapDuplicateReceipt>
            <CapFullCut>1</CapFullCut>
            <CapPartialCut>1</CapPartialCut>
            <CapGraphics>1</CapGraphics>
            <CapGraphicsEx>0</CapGraphicsEx>
            <CapPrintStringFont>0</CapPrintStringFont>
            <CapShortStatus>0</CapShortStatus>
            <CapFontMetrics>0</CapFontMetrics>
            <CapOpenReceipt>0</CapOpenReceipt>
            <NumVatRates>4</NumVatRates>
            <PrintWidth>432</PrintWidth>
            <AmountDecimalPlace>2</AmountDecimalPlace>
            <NumHeaderLines>4</NumHeaderLines>
            <NumTrailerLines>3</NumTrailerLines>
            <TrailerTableNumber>4</TrailerTableNumber>
            <HeaderTableNumber>4</HeaderTableNumber>
            <HeaderTableRow>4</HeaderTableRow>
            <TrailerTableRow>1</TrailerTableRow>
            <MinHeaderLines>4</MinHeaderLines>
            <MinTrailerLines>0</MinTrailerLines>
            <MaxGraphicsWidth>320</MaxGraphicsWidth>
            <MaxGraphicsHeight>200</MaxGraphicsHeight>
            <TextLength>36;18;36;18;36;40;36;</TextLength>
            <SupportedBaudRates>2400;4800;9600;19200;38400;57600;115200;</SupportedBaudRates>
            <parameters>
                <parameter>
                    <ID>1</ID>
                    <TableNumber>1</TableNumber>
                    <RowNumber>1</RowNumber>
                    <FieldNumber>7</FieldNumber>
                    <values/>
                </parameter>
                <parameter>
                    <ID>2</ID>
                    <TableNumber>1</TableNumber>
                    <RowNumber>1</RowNumber>
                    <FieldNumber>8</FieldNumber>
                    <values/>
                </parameter>
            </parameters>
        </model>
        <model>
            <Name>SHTRIH-FR-F, version 4</Name>
            <Id>2</Id>
            <ModelID>0</ModelID>
            <ProtocolVersion>1</ProtocolVersion>
            <ProtocolSubVersion>4</ProtocolSubVersion>
            <CapEJPresent>1</CapEJPresent>
            <CapFMPresent>1</CapFMPresent>
            <CapRecPresent>1</CapRecPresent>
            <CapJrnPresent>1</CapJrnPresent>
            <CapSlpPresent>0</CapSlpPresent>
            <CapSlpEmptySensor>0</CapSlpEmptySensor>
            <CapSlpNearEndSensor>0</CapSlpNearEndSensor>
            <CapRecEmptySensor>1</CapRecEmptySensor>
            <CapRecEmptySensor>1</CapRecEmptySensor>
            <CapRecNearEndSensor>1</CapRecNearEndSensor>
            <CapRecLeverSensor>1</CapRecLeverSensor>
            <CapJrnEmptySensor>1</CapJrnEmptySensor>
            <CapJrnNearEndSensor>1</CapJrnNearEndSensor>
            <CapJrnLeverSensor>1</CapJrnLeverSensor>
            <CapPrintGraphicsLine>0</CapPrintGraphicsLine>
            <CapHasVatTable>1</CapHasVatTable>
            <CapCoverSensor>1</CapCoverSensor>
            <CapDoubleWidth>1</CapDoubleWidth>
            <CapDuplicateReceipt>1</CapDuplicateReceipt>
            <CapFullCut>1</CapFullCut>
            <CapPartialCut>1</CapPartialCut>
            <CapGraphics>1</CapGraphics>
            <CapGraphicsEx>0</CapGraphicsEx>
            <CapPrintStringFont>0</CapPrintStringFont>
            <CapShortStatus>1</CapShortStatus>
            <CapFontMetrics>0</CapFontMetrics>
            <CapOpenReceipt>1</CapOpenReceipt>
            <NumVatRates>4</NumVatRates>
            <PrintWidth>432</PrintWidth>
            <AmountDecimalPlace>2</AmountDecimalPlace>
            <NumHeaderLines>4</NumHeaderLines>
            <NumTrailerLines>3</NumTrailerLines>
            <TrailerTableNumber>4</TrailerTableNumber>
            <HeaderTableNumber>4</HeaderTableNumber>
            <HeaderTableRow>4</HeaderTableRow>
            <TrailerTableRow>1</TrailerTableRow>
            <MinHeaderLines>4</MinHeaderLines>
            <MinTrailerLines>0</MinTrailerLines>
            <MaxGraphicsWidth>320</MaxGraphicsWidth>
            <MaxGraphicsHeight>200</MaxGraphicsHeight>
            <TextLength>36;18;36;18;36;40;36;</TextLength>
            <SupportedBaudRates>2400;4800;9600;19200;38400;57600;115200;</SupportedBaudRates>
            <parameters>
                <parameter>
                    <ID>1</ID>
                    <TableNumber>1</TableNumber>
                    <RowNumber>1</RowNumber>
                    <FieldNumber>7</FieldNumber>
                    <values/>
                </parameter>
                <parameter>
                    <ID>2</ID>
                    <TableNumber>1</TableNumber>
                    <RowNumber>1</RowNumber>
                    <FieldNumber>8</FieldNumber>
                    <values/>
                </parameter>
            </parameters>
        </model>
        <model>
            <Name>SHTRIH-FR-K</Name>
            <Id>6</Id>
            <ModelID>4</ModelID>
            <ProtocolVersion>1</ProtocolVersion>
            <ProtocolSubVersion>0</ProtocolSubVersion>
            <CapEJPresent>1</CapEJPresent>
            <CapFMPresent>1</CapFMPresent>
            <CapRecPresent>1</CapRecPresent>
            <CapJrnPresent>1</CapJrnPresent>
            <CapSlpPresent>0</CapSlpPresent>
            <CapSlpEmptySensor>0</CapSlpEmptySensor>
            <CapSlpNearEndSensor>0</CapSlpNearEndSensor>
            <CapRecEmptySensor>1</CapRecEmptySensor>
            <CapRecEmptySensor>1</CapRecEmptySensor>
            <CapRecNearEndSensor>1</CapRecNearEndSensor>
            <CapRecLeverSensor>1</CapRecLeverSensor>
            <CapJrnEmptySensor>1</CapJrnEmptySensor>
            <CapJrnNearEndSensor>1</CapJrnNearEndSensor>
            <CapJrnLeverSensor>1</CapJrnLeverSensor>
            <CapPrintGraphicsLine>1</CapPrintGraphicsLine>
            <CapHasVatTable>1</CapHasVatTable>
            <CapCoverSensor>1</CapCoverSensor>
            <CapDoubleWidth>1</CapDoubleWidth>
            <CapDuplicateReceipt>1</CapDuplicateReceipt>
            <CapFullCut>1</CapFullCut>
            <CapPartialCut>1</CapPartialCut>
            <CapGraphics>1</CapGraphics>
            <CapGraphicsEx>0</CapGraphicsEx>
            <CapPrintStringFont>1</CapPrintStringFont>
            <CapShortStatus>1</CapShortStatus>
            <CapFontMetrics>1</CapFontMetrics>
            <CapOpenReceipt>1</CapOpenReceipt>
            <NumVatRates>4</NumVatRates>
            <PrintWidth>432</PrintWidth>
            <AmountDecimalPlace>2</AmountDecimalPlace>
            <NumHeaderLines>4</NumHeaderLines>
            <NumTrailerLines>3</NumTrailerLines>
            <TrailerTableNumber>4</TrailerTableNumber>
            <HeaderTableNumber>4</HeaderTableNumber>
            <HeaderTableRow>4</HeaderTableRow>
            <TrailerTableRow>1</TrailerTableRow>
            <MinHeaderLines>4</MinHeaderLines>
            <MinTrailerLines>0</MinTrailerLines>
            <MaxGraphicsWidth>320</MaxGraphicsWidth>
            <MaxGraphicsHeight>200</MaxGraphicsHeight>
            <TextLength>36;18;36;18;36;40;36;</TextLength>
            <SupportedBaudRates>2400;4800;9600;19200;38400;57600;115200;</SupportedBaudRates>
            <parameters>
                <parameter>
                    <ID>1</ID>
                    <TableNumber>1</TableNumber>
                    <RowNumber>1</RowNumber>
                    <FieldNumber>7</FieldNumber>
                    <values/>
                </parameter>
                <parameter>
                    <ID>2</ID>
                    <TableNumber>1</TableNumber>
                    <RowNumber>1</RowNumber>
                    <FieldNumber>8</FieldNumber>
                    <values/>
                </parameter>
            </parameters>
        </model>
        <model>
            <Name>SHTRIH-KIOSK-FRK</Name>
            <Id>16</Id>
            <ModelID>15</ModelID>
            <ProtocolVersion>1</ProtocolVersion>
            <ProtocolSubVersion>0</ProtocolSubVersion>
            <CapEJPresent>1</CapEJPresent>
            <CapFMPresent>1</CapFMPresent>
            <CapRecPresent>1</CapRecPresent>
            <CapJrnPresent>1</CapJrnPresent>
            <CapSlpPresent>0</CapSlpPresent>
            <CapSlpEmptySensor>0</CapSlpEmptySensor>
            <CapSlpNearEndSensor>0</CapSlpNearEndSensor>
            <CapRecEmptySensor>1</CapRecEmptySensor>
            <CapRecEmptySensor>1</CapRecEmptySensor>
            <CapRecNearEndSensor>1</CapRecNearEndSensor>
            <CapRecLeverSensor>1</CapRecLeverSensor>
            <CapJrnEmptySensor>1</CapJrnEmptySensor>
            <CapJrnNearEndSensor>1</CapJrnNearEndSensor>
            <CapJrnLeverSensor>1</CapJrnLeverSensor>
            <CapPrintGraphicsLine>0</CapPrintGraphicsLine>
            <CapHasVatTable>1</CapHasVatTable>
            <CapCoverSensor>1</CapCoverSensor>
            <CapDoubleWidth>1</CapDoubleWidth>
            <CapDuplicateReceipt>1</CapDuplicateReceipt>
            <CapFullCut>1</CapFullCut>
            <CapPartialCut>1</CapPartialCut>
            <CapGraphics>1</CapGraphics>
            <CapGraphicsEx>0</CapGraphicsEx>
            <CapPrintStringFont>0</CapPrintStringFont>
            <CapShortStatus>0</CapShortStatus>
            <CapFontMetrics>0</CapFontMetrics>
            <CapOpenReceipt>0</CapOpenReceipt>
            <NumVatRates>4</NumVatRates>
            <PrintWidth>432</PrintWidth>
            <AmountDecimalPlace>2</AmountDecimalPlace>
            <NumHeaderLines>4</NumHeaderLines>
            <NumTrailerLines>3</NumTrailerLines>
            <TrailerTableNumber>4</TrailerTableNumber>
            <HeaderTableNumber>4</HeaderTableNumber>
            <HeaderTableRow>4</HeaderTableRow>
            <TrailerTableRow>1</TrailerTableRow>
            <MinHeaderLines>4</MinHeaderLines>
            <MinTrailerLines>0</MinTrailerLines>
            <MaxGraphicsWidth>320</MaxGraphicsWidth>
            <MaxGraphicsHeight>255</MaxGraphicsHeight>
            <TextLength>36;18;36;36;36;36;36;</TextLength>
            <SupportedBaudRates>2400;4800;9600;19200;38400;57600;115200;</SupportedBaudRates>
            <parameters/>
        </model>
        <model>
            <Name>SHTRIH-LIGHT-FR-K</Name>
            <Id>21</Id>
            <ModelID>251</ModelID>
            <ProtocolVersion>1</ProtocolVersion>
            <ProtocolSubVersion>0</ProtocolSubVersion>
            <CapEJPresent>1</CapEJPresent>
            <CapFMPresent>1</CapFMPresent>
            <CapRecPresent>1</CapRecPresent>
            <CapJrnPresent>0</CapJrnPresent>
            <CapSlpPresent>0</CapSlpPresent>
            <CapSlpEmptySensor>0</CapSlpEmptySensor>
            <CapSlpNearEndSensor>0</CapSlpNearEndSensor>
            <CapRecEmptySensor>1</CapRecEmptySensor>
            <CapRecEmptySensor>1</CapRecEmptySensor>
            <CapRecNearEndSensor>1</CapRecNearEndSensor>
            <CapRecLeverSensor>0</CapRecLeverSensor>
            <CapJrnEmptySensor>0</CapJrnEmptySensor>
            <CapJrnNearEndSensor>0</CapJrnNearEndSensor>
            <CapJrnLeverSensor>0</CapJrnLeverSensor>
            <CapPrintGraphicsLine>1</CapPrintGraphicsLine>
            <CapHasVatTable>1</CapHasVatTable>
            <CapCoverSensor>1</CapCoverSensor>
            <CapDoubleWidth>1</CapDoubleWidth>
            <CapDuplicateReceipt>1</CapDuplicateReceipt>
            <CapFullCut>1</CapFullCut>
            <CapPartialCut>1</CapPartialCut>
            <CapGraphics>1</CapGraphics>
            <CapGraphicsEx>0</CapGraphicsEx>
            <CapPrintStringFont>1</CapPrintStringFont>
            <CapShortStatus>1</CapShortStatus>
            <CapFontMetrics>1</CapFontMetrics>
            <CapOpenReceipt>1</CapOpenReceipt>
            <NumVatRates>4</NumVatRates>
            <PrintWidth>320</PrintWidth>
            <AmountDecimalPlace>2</AmountDecimalPlace>
            <NumHeaderLines>3</NumHeaderLines>
            <NumTrailerLines>3</NumTrailerLines>
            <TrailerTableNumber>4</TrailerTableNumber>
            <HeaderTableNumber>4</HeaderTableNumber>
            <HeaderTableRow>12</HeaderTableRow>
            <TrailerTableRow>1</TrailerTableRow>
            <MinHeaderLines>3</MinHeaderLines>
            <MinTrailerLines>0</MinTrailerLines>
            <MaxGraphicsWidth>320</MaxGraphicsWidth>
            <MaxGraphicsHeight>500</MaxGraphicsHeight>
            <TextLength>24;12;24;24;24;24;24;</TextLength>
            <SupportedBaudRates>2400;4800;9600;19200;38400;57600;115200;</SupportedBaudRates>
            <parameters>
                <parameter>
                    <ID>1</ID>
                    <TableNumber>1</TableNumber>
                    <RowNumber>1</RowNumber>
                    <FieldNumber>6</FieldNumber>
                    <values/>
                </parameter>
                <parameter>
                    <ID>2</ID>
                    <TableNumber>1</TableNumber>
                    <RowNumber>1</RowNumber>
                    <FieldNumber>7</FieldNumber>
                    <values/>
                </parameter>
            </parameters>
        </model>
        <model>
            <Name>SHTRIH-LIGHT-FR-K2</Name>
            <Id>22</Id>
            <ModelID>252</ModelID>
            <ProtocolVersion>1</ProtocolVersion>
            <ProtocolSubVersion>0</ProtocolSubVersion>
            <CapEJPresent>1</CapEJPresent>
            <CapFMPresent>1</CapFMPresent>
            <CapRecPresent>1</CapRecPresent>
            <CapJrnPresent>0</CapJrnPresent>
            <CapSlpPresent>0</CapSlpPresent>
            <CapSlpEmptySensor>0</CapSlpEmptySensor>
            <CapSlpNearEndSensor>0</CapSlpNearEndSensor>
            <CapRecEmptySensor>1</CapRecEmptySensor>
            <CapRecEmptySensor>1</CapRecEmptySensor>
            <CapRecNearEndSensor>1</CapRecNearEndSensor>
            <CapRecLeverSensor>0</CapRecLeverSensor>
            <CapJrnEmptySensor>0</CapJrnEmptySensor>
            <CapJrnNearEndSensor>0</CapJrnNearEndSensor>
            <CapJrnLeverSensor>0</CapJrnLeverSensor>
            <CapPrintGraphicsLine>1</CapPrintGraphicsLine>
            <CapHasVatTable>1</CapHasVatTable>
            <CapCoverSensor>1</CapCoverSensor>
            <CapDoubleWidth>1</CapDoubleWidth>
            <CapDuplicateReceipt>1</CapDuplicateReceipt>
            <CapFullCut>1</CapFullCut>
            <CapPartialCut>1</CapPartialCut>
            <CapGraphics>1</CapGraphics>
            <CapGraphicsEx>0</CapGraphicsEx>
            <CapPrintStringFont>1</CapPrintStringFont>
            <CapShortStatus>1</CapShortStatus>
            <CapFontMetrics>1</CapFontMetrics>
            <CapOpenReceipt>1</CapOpenReceipt>
            <NumVatRates>4</NumVatRates>
            <PrintWidth>320</PrintWidth>
            <AmountDecimalPlace>2</AmountDecimalPlace>
            <NumHeaderLines>3</NumHeaderLines>
            <NumTrailerLines>3</NumTrailerLines>
            <TrailerTableNumber>4</TrailerTableNumber>
            <HeaderTableNumber>4</HeaderTableNumber>
            <HeaderTableRow>12</HeaderTableRow>
            <TrailerTableRow>1</TrailerTableRow>
            <MinHeaderLines>3</MinHeaderLines>
            <MinTrailerLines>0</MinTrailerLines>
            <MaxGraphicsWidth>320</MaxGraphicsWidth>
            <MaxGraphicsHeight>500</MaxGraphicsHeight>
            <TextLength>24;12;24;24;24;24;24;</TextLength>
            <SupportedBaudRates>2400;4800;9600;19200;38400;57600;115200;</SupportedBaudRates>
            <parameters>
                <parameter>
                    <ID>1</ID>
                    <TableNumber>1</TableNumber>
                    <RowNumber>1</RowNumber>
                    <FieldNumber>6</FieldNumber>
                    <values/>
                </parameter>
                <parameter>
                    <ID>2</ID>
                    <TableNumber>1</TableNumber>
                    <RowNumber>1</RowNumber>
                    <FieldNumber>7</FieldNumber>
                    <values/>
                </parameter>
            </parameters>
        </model>
        <model>
            <Name>SHTRIH-M-FR-K</Name>
            <Id>20</Id>
            <ModelID>250</ModelID>
            <ProtocolVersion>1</ProtocolVersion>
            <ProtocolSubVersion>0</ProtocolSubVersion>
            <CapEJPresent>1</CapEJPresent>
            <CapFMPresent>1</CapFMPresent>
            <CapRecPresent>1</CapRecPresent>
            <CapJrnPresent>0</CapJrnPresent>
            <CapSlpPresent>0</CapSlpPresent>
            <CapSlpEmptySensor>0</CapSlpEmptySensor>
            <CapSlpNearEndSensor>0</CapSlpNearEndSensor>
            <CapRecEmptySensor>1</CapRecEmptySensor>
            <CapRecEmptySensor>1</CapRecEmptySensor>
            <CapRecNearEndSensor>1</CapRecNearEndSensor>
            <CapRecLeverSensor>0</CapRecLeverSensor>
            <CapJrnEmptySensor>0</CapJrnEmptySensor>
            <CapJrnNearEndSensor>0</CapJrnNearEndSensor>
            <CapJrnLeverSensor>0</CapJrnLeverSensor>
            <CapPrintGraphicsLine>1</CapPrintGraphicsLine>
            <CapHasVatTable>1</CapHasVatTable>
            <CapCoverSensor>1</CapCoverSensor>
            <CapDoubleWidth>1</CapDoubleWidth>
            <CapDuplicateReceipt>1</CapDuplicateReceipt>
            <CapFullCut>1</CapFullCut>
            <CapPartialCut>1</CapPartialCut>
            <CapGraphics>1</CapGraphics>
            <CapGraphicsEx>0</CapGraphicsEx>
            <CapPrintStringFont>1</CapPrintStringFont>
            <CapShortStatus>1</CapShortStatus>
            <CapFontMetrics>1</CapFontMetrics>
            <CapOpenReceipt>1</CapOpenReceipt>
            <NumVatRates>4</NumVatRates>
            <PrintWidth>576</PrintWidth>
            <AmountDecimalPlace>2</AmountDecimalPlace>
            <NumHeaderLines>4</NumHeaderLines>
            <NumTrailerLines>3</NumTrailerLines>
            <TrailerTableNumber>4</TrailerTableNumber>
            <HeaderTableNumber>4</HeaderTableNumber>
            <HeaderTableRow>11</HeaderTableRow>
            <TrailerTableRow>1</TrailerTableRow>
            <MinHeaderLines>4</MinHeaderLines>
            <MinTrailerLines>0</MinTrailerLines>
            <MaxGraphicsWidth>320</MaxGraphicsWidth>
            <MaxGraphicsHeight>500</MaxGraphicsHeight>
            <TextLength>48;24;48;48;48;48;48;</TextLength>
            <SupportedBaudRates>2400;4800;9600;19200;38400;57600;115200;</SupportedBaudRates>
            <parameters>
                <parameter>
                    <ID>1</ID>
                    <TableNumber>1</TableNumber>
                    <RowNumber>1</RowNumber>
                    <FieldNumber>6</FieldNumber>
                    <values/>
                </parameter>
                <parameter>
                    <ID>2</ID>
                    <TableNumber>1</TableNumber>
                    <RowNumber>1</RowNumber>
                    <FieldNumber>7</FieldNumber>
                    <values/>
                </parameter>
            </parameters>
        </model>
        <model>
            <Name>SHTRIH-M-PTK</Name>
            <Id>19</Id>
            <ModelID>239</ModelID>
            <ProtocolVersion>1</ProtocolVersion>
            <ProtocolSubVersion>0</ProtocolSubVersion>
            <CapEJPresent>1</CapEJPresent>
            <CapFMPresent>1</CapFMPresent>
            <CapRecPresent>1</CapRecPresent>
            <CapJrnPresent>0</CapJrnPresent>
            <CapSlpPresent>0</CapSlpPresent>
            <CapSlpEmptySensor>0</CapSlpEmptySensor>
            <CapSlpNearEndSensor>0</CapSlpNearEndSensor>
            <CapRecEmptySensor>1</CapRecEmptySensor>
            <CapRecEmptySensor>1</CapRecEmptySensor>
            <CapRecNearEndSensor>1</CapRecNearEndSensor>
            <CapRecLeverSensor>0</CapRecLeverSensor>
            <CapJrnEmptySensor>0</CapJrnEmptySensor>
            <CapJrnNearEndSensor>0</CapJrnNearEndSensor>
            <CapJrnLeverSensor>0</CapJrnLeverSensor>
            <CapPrintGraphicsLine>1</CapPrintGraphicsLine>
            <CapHasVatTable>1</CapHasVatTable>
            <CapCoverSensor>1</CapCoverSensor>
            <CapDoubleWidth>1</CapDoubleWidth>
            <CapDuplicateReceipt>1</CapDuplicateReceipt>
            <CapFullCut>1</CapFullCut>
            <CapPartialCut>1</CapPartialCut>
            <CapGraphics>1</CapGraphics>
            <CapGraphicsEx>0</CapGraphicsEx>
            <CapPrintStringFont>1</CapPrintStringFont>
            <CapShortStatus>1</CapShortStatus>
            <CapFontMetrics>1</CapFontMetrics>
            <CapOpenReceipt>1</CapOpenReceipt>
            <NumVatRates>4</NumVatRates>
            <PrintWidth>576</PrintWidth>
            <AmountDecimalPlace>2</AmountDecimalPlace>
            <NumHeaderLines>4</NumHeaderLines>
            <NumTrailerLines>3</NumTrailerLines>
            <TrailerTableNumber>4</TrailerTableNumber>
            <HeaderTableNumber>4</HeaderTableNumber>
            <HeaderTableRow>11</HeaderTableRow>
            <TrailerTableRow>1</TrailerTableRow>
            <MinHeaderLines>4</MinHeaderLines>
            <MinTrailerLines>0</MinTrailerLines>
            <MaxGraphicsWidth>320</MaxGraphicsWidth>
            <MaxGraphicsHeight>500</MaxGraphicsHeight>
            <TextLength>48;24;48;48;48;48;48;</TextLength>
            <SupportedBaudRates>2400;4800;9600;19200;38400;57600;115200;</SupportedBaudRates>
            <parameters>
                <parameter>
                    <ID>1</ID>
                    <TableNumber>1</TableNumber>
                    <RowNumber>1</RowNumber>
                    <FieldNumber>6</FieldNumber>
                    <values/>
                </parameter>
                <parameter>
                    <ID>2</ID>
                    <TableNumber>1</TableNumber>
                    <RowNumber>1</RowNumber>
                    <FieldNumber>7</FieldNumber>
                    <values/>
                </parameter>
            </parameters>
        </model>
        <model>
            <Name>SHTRIH-MINI-FR-K</Name>
            <Id>9</Id>
            <ModelID>7</ModelID>
            <ProtocolVersion>1</ProtocolVersion>
            <ProtocolSubVersion>0</ProtocolSubVersion>
            <CapEJPresent>1</CapEJPresent>
            <CapFMPresent>1</CapFMPresent>
            <CapRecPresent>1</CapRecPresent>
            <CapJrnPresent>0</CapJrnPresent>
            <CapSlpPresent>0</CapSlpPresent>
            <CapSlpEmptySensor>0</CapSlpEmptySensor>
            <CapSlpNearEndSensor>0</CapSlpNearEndSensor>
            <CapRecEmptySensor>1</CapRecEmptySensor>
            <CapRecEmptySensor>1</CapRecEmptySensor>
            <CapRecNearEndSensor>1</CapRecNearEndSensor>
            <CapRecLeverSensor>0</CapRecLeverSensor>
            <CapJrnEmptySensor>0</CapJrnEmptySensor>
            <CapJrnNearEndSensor>0</CapJrnNearEndSensor>
            <CapJrnLeverSensor>0</CapJrnLeverSensor>
            <CapPrintGraphicsLine>1</CapPrintGraphicsLine>
            <CapHasVatTable>1</CapHasVatTable>
            <CapCoverSensor>1</CapCoverSensor>
            <CapDoubleWidth>1</CapDoubleWidth>
            <CapDuplicateReceipt>1</CapDuplicateReceipt>
            <CapFullCut>1</CapFullCut>
            <CapPartialCut>1</CapPartialCut>
            <CapGraphics>1</CapGraphics>
            <CapGraphicsEx>0</CapGraphicsEx>
            <CapPrintStringFont>1</CapPrintStringFont>
            <CapShortStatus>1</CapShortStatus>
            <CapFontMetrics>1</CapFontMetrics>
            <CapOpenReceipt>1</CapOpenReceipt>
            <NumVatRates>4</NumVatRates>
            <PrintWidth>600</PrintWidth>
            <AmountDecimalPlace>2</AmountDecimalPlace>
            <NumHeaderLines>4</NumHeaderLines>
            <NumTrailerLines>3</NumTrailerLines>
            <TrailerTableNumber>4</TrailerTableNumber>
            <HeaderTableNumber>4</HeaderTableNumber>
            <HeaderTableRow>23</HeaderTableRow>
            <TrailerTableRow>1</TrailerTableRow>
            <MinHeaderLines>4</MinHeaderLines>
            <MinTrailerLines>0</MinTrailerLines>
            <MaxGraphicsWidth>320</MaxGraphicsWidth>
            <MaxGraphicsHeight>500</MaxGraphicsHeight>
            <TextLength>50;25;50;25;60;50;50;</TextLength>
            <SupportedBaudRates>2400;4800;9600;19200;38400;57600;115200;</SupportedBaudRates>
            <parameters>
                <parameter>
                    <ID>1</ID>
                    <TableNumber>1</TableNumber>
                    <RowNumber>1</RowNumber>
                    <FieldNumber>6</FieldNumber>
                    <values/>
                </parameter>
                <parameter>
                    <ID>2</ID>
                    <TableNumber>1</TableNumber>
                    <RowNumber>1</RowNumber>
                    <FieldNumber>7</FieldNumber>
                    <values/>
                </parameter>
            </parameters>
        </model>
        <model>
            <Name>SHTRIH-MINI-FR-K2</Name>
            <Id>10</Id>
            <ModelID>14</ModelID>
            <ProtocolVersion>1</ProtocolVersion>
            <ProtocolSubVersion>0</ProtocolSubVersion>
            <CapEJPresent>1</CapEJPresent>
            <CapFMPresent>1</CapFMPresent>
            <CapRecPresent>1</CapRecPresent>
            <CapJrnPresent>0</CapJrnPresent>
            <CapSlpPresent>0</CapSlpPresent>
            <CapSlpEmptySensor>0</CapSlpEmptySensor>
            <CapSlpNearEndSensor>0</CapSlpNearEndSensor>
            <CapRecEmptySensor>1</CapRecEmptySensor>
            <CapRecEmptySensor>1</CapRecEmptySensor>
            <CapRecNearEndSensor>1</CapRecNearEndSensor>
            <CapRecLeverSensor>0</CapRecLeverSensor>
            <CapJrnEmptySensor>0</CapJrnEmptySensor>
            <CapJrnNearEndSensor>0</CapJrnNearEndSensor>
            <CapJrnLeverSensor>0</CapJrnLeverSensor>
            <CapPrintGraphicsLine>1</CapPrintGraphicsLine>
            <CapHasVatTable>1</CapHasVatTable>
            <CapCoverSensor>1</CapCoverSensor>
            <CapDoubleWidth>1</CapDoubleWidth>
            <CapDuplicateReceipt>1</CapDuplicateReceipt>
            <CapFullCut>1</CapFullCut>
            <CapPartialCut>1</CapPartialCut>
            <CapGraphics>1</CapGraphics>
            <CapGraphicsEx>0</CapGraphicsEx>
            <CapPrintStringFont>1</CapPrintStringFont>
            <CapShortStatus>1</CapShortStatus>
            <CapFontMetrics>1</CapFontMetrics>
            <CapOpenReceipt>1</CapOpenReceipt>
            <NumVatRates>4</NumVatRates>
            <PrintWidth>600</PrintWidth>
            <AmountDecimalPlace>2</AmountDecimalPlace>
            <NumHeaderLines>4</NumHeaderLines>
            <NumTrailerLines>3</NumTrailerLines>
            <TrailerTableNumber>4</TrailerTableNumber>
            <HeaderTableNumber>4</HeaderTableNumber>
            <HeaderTableRow>23</HeaderTableRow>
            <TrailerTableRow>1</TrailerTableRow>
            <MinHeaderLines>4</MinHeaderLines>
            <MinTrailerLines>0</MinTrailerLines>
            <MaxGraphicsWidth>320</MaxGraphicsWidth>
            <MaxGraphicsHeight>500</MaxGraphicsHeight>
            <TextLength>50;25;50;25;60;50;50;</TextLength>
            <SupportedBaudRates>2400;4800;9600;19200;38400;57600;115200;</SupportedBaudRates>
            <parameters>
                <parameter>
                    <ID>1</ID>
                    <TableNumber>1</TableNumber>
                    <RowNumber>1</RowNumber>
                    <FieldNumber>6</FieldNumber>
                    <values/>
                </parameter>
                <parameter>
                    <ID>2</ID>
                    <TableNumber>1</TableNumber>
                    <RowNumber>1</RowNumber>
                    <FieldNumber>7</FieldNumber>
                    <values/>
                </parameter>
            </parameters>
        </model>
        <model>
            <Name>YARUS-01K</Name>
            <Id>18</Id>
            <ModelID>249</ModelID>
            <ProtocolVersion>1</ProtocolVersion>
            <ProtocolSubVersion>0</ProtocolSubVersion>
            <CapEJPresent>1</CapEJPresent>
            <CapFMPresent>1</CapFMPresent>
            <CapRecPresent>1</CapRecPresent>
            <CapJrnPresent>1</CapJrnPresent>
            <CapSlpPresent>0</CapSlpPresent>
            <CapSlpEmptySensor>0</CapSlpEmptySensor>
            <CapSlpNearEndSensor>0</CapSlpNearEndSensor>
            <CapRecEmptySensor>1</CapRecEmptySensor>
            <CapRecEmptySensor>1</CapRecEmptySensor>
            <CapRecNearEndSensor>1</CapRecNearEndSensor>
            <CapRecLeverSensor>1</CapRecLeverSensor>
            <CapJrnEmptySensor>1</CapJrnEmptySensor>
            <CapJrnNearEndSensor>1</CapJrnNearEndSensor>
            <CapJrnLeverSensor>1</CapJrnLeverSensor>
            <CapPrintGraphicsLine>0</CapPrintGraphicsLine>
            <CapHasVatTable>1</CapHasVatTable>
            <CapCoverSensor>1</CapCoverSensor>
            <CapDoubleWidth>1</CapDoubleWidth>
            <CapDuplicateReceipt>1</CapDuplicateReceipt>
            <CapFullCut>1</CapFullCut>
            <CapPartialCut>1</CapPartialCut>
            <CapGraphics>1</CapGraphics>
            <CapGraphicsEx>0</CapGraphicsEx>
            <CapPrintStringFont>0</CapPrintStringFont>
            <CapShortStatus>0</CapShortStatus>
            <CapFontMetrics>0</CapFontMetrics>
            <CapOpenReceipt>0</CapOpenReceipt>
            <NumVatRates>4</NumVatRates>
            <PrintWidth>432</PrintWidth>
            <AmountDecimalPlace>2</AmountDecimalPlace>
            <NumHeaderLines>4</NumHeaderLines>
            <NumTrailerLines>3</NumTrailerLines>
            <TrailerTableNumber>4</TrailerTableNumber>
            <HeaderTableNumber>4</HeaderTableNumber>
            <HeaderTableRow>4</HeaderTableRow>
            <TrailerTableRow>1</TrailerTableRow>
            <MinHeaderLines>4</MinHeaderLines>
            <MinTrailerLines>0</MinTrailerLines>
            <MaxGraphicsWidth>320</MaxGraphicsWidth>
            <MaxGraphicsHeight>255</MaxGraphicsHeight>
            <TextLength>50;25;50;25;60;50;50;</TextLength>
            <SupportedBaudRates>2400;4800;9600;19200;38400;57600;115200;</SupportedBaudRates>
            <parameters>
                <parameter>
                    <ID>1</ID>
                    <TableNumber>1</TableNumber>
                    <RowNumber>1</RowNumber>
                    <FieldNumber>6</FieldNumber>
                    <values/>
                </parameter>
                <parameter>
                    <ID>2</ID>
                    <TableNumber>1</TableNumber>
                    <RowNumber>1</RowNumber>
                    <FieldNumber>7</FieldNumber>
                    <values/>
                </parameter>
            </parameters>
        </model>
        <model>
            <Name>YARUS-02K</Name>
            <Id>17</Id>
            <ModelID>248</ModelID>
            <ProtocolVersion>1</ProtocolVersion>
            <ProtocolSubVersion>0</ProtocolSubVersion>
            <CapEJPresent>1</CapEJPresent>
            <CapFMPresent>1</CapFMPresent>
            <CapRecPresent>1</CapRecPresent>
            <CapJrnPresent>1</CapJrnPresent>
            <CapSlpPresent>0</CapSlpPresent>
            <CapSlpEmptySensor>0</CapSlpEmptySensor>
            <CapSlpNearEndSensor>0</CapSlpNearEndSensor>
            <CapRecEmptySensor>1</CapRecEmptySensor>
            <CapRecEmptySensor>1</CapRecEmptySensor>
            <CapRecNearEndSensor>1</CapRecNearEndSensor>
            <CapRecLeverSensor>1</CapRecLeverSensor>
            <CapJrnEmptySensor>1</CapJrnEmptySensor>
            <CapJrnNearEndSensor>1</CapJrnNearEndSensor>
            <CapJrnLeverSensor>1</CapJrnLeverSensor>
            <CapPrintGraphicsLine>0</CapPrintGraphicsLine>
            <CapHasVatTable>1</CapHasVatTable>
            <CapCoverSensor>1</CapCoverSensor>
            <CapDoubleWidth>1</CapDoubleWidth>
            <CapDuplicateReceipt>1</CapDuplicateReceipt>
            <CapFullCut>1</CapFullCut>
            <CapPartialCut>1</CapPartialCut>
            <CapGraphics>1</CapGraphics>
            <CapGraphicsEx>0</CapGraphicsEx>
            <CapPrintStringFont>0</CapPrintStringFont>
            <CapShortStatus>0</CapShortStatus>
            <CapFontMetrics>0</CapFontMetrics>
            <CapOpenReceipt>0</CapOpenReceipt>
            <NumVatRates>4</NumVatRates>
            <PrintWidth>432</PrintWidth>
            <AmountDecimalPlace>2</AmountDecimalPlace>
            <NumHeaderLines>4</NumHeaderLines>
            <NumTrailerLines>3</NumTrailerLines>
            <TrailerTableNumber>4</TrailerTableNumber>
            <HeaderTableNumber>4</HeaderTableNumber>
            <HeaderTableRow>4</HeaderTableRow>
            <TrailerTableRow>1</TrailerTableRow>
            <MinHeaderLines>4</MinHeaderLines>
            <MinTrailerLines>0</MinTrailerLines>
            <MaxGraphicsWidth>320</MaxGraphicsWidth>
            <MaxGraphicsHeight>255</MaxGraphicsHeight>
            <TextLength>50;25;50;25;60;50;50;</TextLength>
            <SupportedBaudRates>2400;4800;9600;19200;38400;57600;115200;</SupportedBaudRates>
            <parameters>
                <parameter>
                    <ID>1</ID>
                    <TableNumber>1</TableNumber>
                    <RowNumber>1</RowNumber>
                    <FieldNumber>6</FieldNumber>
                    <values/>
                </parameter>
                <parameter>
                    <ID>2</ID>
                    <TableNumber>1</TableNumber>
                    <RowNumber>1</RowNumber>
                    <FieldNumber>7</FieldNumber>
                    <values/>
                </parameter>
            </parameters>
        </model>
        <model>
            <Name>ASPD-ELVES</Name>
            <Id>23</Id>
            <ModelID>-1</ModelID>
            <ProtocolVersion>1</ProtocolVersion>
            <ProtocolSubVersion>0</ProtocolSubVersion>
            <CapEJPresent>1</CapEJPresent>
            <CapFMPresent>1</CapFMPresent>
            <CapRecPresent>1</CapRecPresent>
            <CapJrnPresent>1</CapJrnPresent>
            <CapSlpPresent>0</CapSlpPresent>
            <CapSlpEmptySensor>0</CapSlpEmptySensor>
            <CapSlpNearEndSensor>0</CapSlpNearEndSensor>
            <CapRecEmptySensor>1</CapRecEmptySensor>
            <CapRecEmptySensor>1</CapRecEmptySensor>
            <CapRecNearEndSensor>1</CapRecNearEndSensor>
            <CapRecLeverSensor>1</CapRecLeverSensor>
            <CapJrnEmptySensor>1</CapJrnEmptySensor>
            <CapJrnNearEndSensor>1</CapJrnNearEndSensor>
            <CapJrnLeverSensor>1</CapJrnLeverSensor>
            <CapPrintGraphicsLine>0</CapPrintGraphicsLine>
            <CapHasVatTable>1</CapHasVatTable>
            <CapCoverSensor>1</CapCoverSensor>
            <CapDoubleWidth>1</CapDoubleWidth>
            <CapDuplicateReceipt>1</CapDuplicateReceipt>
            <CapFullCut>1</CapFullCut>
            <CapPartialCut>1</CapPartialCut>
            <CapGraphics>1</CapGraphics>
            <CapGraphicsEx>1</CapGraphicsEx>
            <CapPrintStringFont>0</CapPrintStringFont>
            <CapShortStatus>0</CapShortStatus>
            <CapFontMetrics>0</CapFontMetrics>
            <CapOpenReceipt>0</CapOpenReceipt>
            <NumVatRates>4</NumVatRates>
            <PrintWidth>432</PrintWidth>
            <AmountDecimalPlace>2</AmountDecimalPlace>
            <NumHeaderLines>4</NumHeaderLines>
            <NumTrailerLines>3</NumTrailerLines>
            <TrailerTableNumber>4</TrailerTableNumber>
            <HeaderTableNumber>4</HeaderTableNumber>
            <HeaderTableRow>4</HeaderTableRow>
            <TrailerTableRow>1</TrailerTableRow>
            <MinHeaderLines>4</MinHeaderLines>
            <MinTrailerLines>0</MinTrailerLines>
            <MaxGraphicsWidth>320</MaxGraphicsWidth>
            <MaxGraphicsHeight>255</MaxGraphicsHeight>
            <TextLength>36;18;36;36;36;36;36;</TextLength>
            <SupportedBaudRates>2400;4800;9600;19200;38400;57600;115200;</SupportedBaudRates>
            <parameters>
                <parameter>
                    <ID>1</ID>
                    <TableNumber>1</TableNumber>
                    <RowNumber>1</RowNumber>
                    <FieldNumber>6</FieldNumber>
                    <values/>
                </parameter>
            </parameters>
        </model>
    </models>
</root>
