<?xml version="1.0" encoding="UTF-8"?>
<UPOSStat version="1.9.0"
    xmlns="http://www.nrf-arts.org/IXRetail/namespace/"
    xmlns:xsi="http://www.w3.org/2001/XMLSchema-instance" xsi:schemaLocation="http://www.nrf-arts.org/IXRetail/namespace/UPOSStat.xsd">
    <Event>
        <Parameter>
            <Name>BarcodePrintedCount</Name>
            <Value/>
        </Parameter>
        <Parameter>
            <Name>FormInsertionCount</Name>
            <Value/>
        </Parameter>
        <Parameter>
            <Name>HomeErrorCount</Name>
            <Value/>
        </Parameter>
        <Parameter>
            <Name>JournalCharacterPrintedCount</Name>
            <Value/>
        </Parameter>
        <Parameter>
            <Name>JournalLinePrintedCount</Name>
            <Value/>
        </Parameter>
        <Parameter>
            <Name>MaximumTempReachedCount</Name>
            <Value/>
        </Parameter>
        <Parameter>
            <Name>NVRAMWriteCount</Name>
            <Value/>
        </Parameter>
        <Parameter>
            <Name>PaperCutCount</Name>
            <Value/>
        </Parameter>
        <Parameter>
            <Name>FailedPaperCutCount</Name>
            <Value/>
        </Parameter>
        <Parameter>
            <Name>PrinterFaultCount</Name>
            <Value/>
        </Parameter>
        <Parameter>
            <Name>PrintSideChangeCount</Name>
            <Value/>
        </Parameter>
        <Parameter>
            <Name>FailedPrintSideChangeCount</Name>
            <Value/>
        </Parameter>
        <Parameter>
            <Name>ReceiptCharacterPrintedCount</Name>
            <Value/>
        </Parameter>
        <Parameter>
            <Name>ReceiptCoverOpenCount</Name>
            <Value/>
        </Parameter>
        <Parameter>
            <Name>ReceiptLineFeedCount</Name>
            <Value/>
        </Parameter>
        <Parameter>
            <Name>ReceiptLinePrintedCount</Name>
            <Value/>
        </Parameter>
        <Parameter>
            <Name>SlipCharacterPrintedCount</Name>
            <Value/>
        </Parameter>
        <Parameter>
            <Name>SlipCoverOpenCount</Name>
            <Value/>
        </Parameter>
        <Parameter>
            <Name>SlipLineFeedCount</Name>
            <Value/>
        </Parameter>
        <Parameter>
            <Name>SlipLinePrintedCount</Name>
            <Value/>
        </Parameter>
    </Event>
    <Equipment>
        <UnifiedPOSVersion>1.9</UnifiedPOSVersion>
        <DeviceCategory UPOS="CashDrawer"/>
        <ManufacturerName>SHTRIH-M</ManufacturerName>
        <ModelName>Fiscal printer</ModelName>
        <SerialNumber/>
        <FirmwareRevision/>
        <Interface>RS232</Interface>
        <InstallationDate/>
    </Equipment>
</UPOSStat>
